variants,num_severe,num_mild,var_type,frequency,impact,gene,num_freq,effect
174G>T,217,138,upstream_gene_variant,0.039824994,MODIFIER,ORF1ab,355,2
222C>T,59,40,upstream_gene_variant,0.011106125,MODIFIER,ORF1ab,99,2
241C>T,5070,2017,upstream_gene_variant,0.795041508,MODIFIER,ORF1ab,7087,2
313C>T,112,41,synonymous_variant,0.017164012,LOW,ORF1ab,153,2
335C>A,319,3,missense_variant,0.036122953,MODERATE,ORF1ab,322,5
376G>A,312,1,synonymous_variant,0.035113305,LOW,ORF1ab,313,2
445T>C,311,165,synonymous_variant,0.053399147,LOW,ORF1ab,476,2
872G>A,313,0,missense_variant,0.035113305,MODERATE,ORF1ab,313,5
913C>T,453,494,synonymous_variant,0.106237379,LOW,ORF1ab,947,2
1302C>A,311,0,missense_variant,0.034888939,MODERATE,ORF1ab,311,5
1322G>T,312,0,missense_variant,0.035001122,MODERATE,ORF1ab,312,5
2939C>A,324,3,missense_variant,0.036683868,MODERATE,ORF1ab,327,5
3037C>T,5076,2036,synonymous_variant,0.797846085,LOW,ORF1ab,7112,2
3165C>A,322,0,missense_variant,0.036122953,MODERATE,ORF1ab,322,5
3267C>T,464,505,missense_variant,0.10870540699999999,MODERATE,ORF1ab,969,5
4913G>A,55,35,missense_variant,0.010096477,MODERATE,ORF1ab,90,5
5194G>A,58,35,synonymous_variant,0.010433027,LOW,ORF1ab,93,2
5230G>T,218,137,missense_variant,0.039824994,MODERATE,ORF1ab,355,5
5388C>A,451,500,missense_variant,0.10668611199999999,MODERATE,ORF1ab,951,5
5629G>T,377,308,synonymous_variant,0.076845412,LOW,ORF1ab,685,2
5950G>T,321,6,missense_variant,0.036683868,MODERATE,ORF1ab,327,5
5986C>T,452,499,synonymous_variant,0.10668611199999999,LOW,ORF1ab,951,2
6286C>T,320,158,synonymous_variant,0.053623514000000004,LOW,ORF1ab,478,2
6449C>A,316,2,missense_variant,0.03567422,MODERATE,ORF1ab,318,5
6513G>A,57,34,missense_variant,0.010208660999999999,MODERATE,ORF1ab,91,5
6513G>T,316,4,missense_variant,0.035898586,MODERATE,ORF1ab,320,5
6611G>T,325,3,missense_variant,0.036796051,MODERATE,ORF1ab,328,5
6653G>A,323,3,missense_variant,0.036571685,MODERATE,ORF1ab,326,5
8052A>G,175,112,missense_variant,0.032196545,MODERATE,ORF1ab,287,5
8597C>A,329,12,missense_variant,0.038254431,MODERATE,ORF1ab,341,5
8782C>T,180,218,synonymous_variant,0.044648867,LOW,ORF1ab,398,2
9526G>T,381,307,missense_variant,0.077181961,MODERATE,ORF1ab,688,5
10323A>G,255,152,missense_variant,0.045658515,MODERATE,ORF1ab,407,5
10523G>A,313,0,missense_variant,0.035113305,MODERATE,ORF1ab,313,5
10582C>T,60,30,synonymous_variant,0.010096477,LOW,ORF1ab,90,2
10632C>T,175,113,missense_variant,0.032308727999999995,MODERATE,ORF1ab,288,5
11083G>T,768,180,missense_variant,0.106349562,MODERATE,ORF1ab,948,5
11365G>T,312,0,synonymous_variant,0.035001122,LOW,ORF1ab,312,2
11497C>T,381,302,synonymous_variant,0.076621046,LOW,ORF1ab,683,2
11944G>T,312,1,missense_variant,0.035113305,MODERATE,ORF1ab,313,5
12085C>A,311,1,synonymous_variant,0.035001122,LOW,ORF1ab,312,2
12116C>G,311,0,missense_variant,0.034888939,MODERATE,ORF1ab,311,5
12256G>A,312,0,missense_variant,0.035001122,MODERATE,ORF1ab,312,5
12793G>T,311,0,missense_variant,0.034888939,MODERATE,ORF1ab,311,5
13536C>T,74,32,synonymous_variant,0.011891407,LOW,ORF1ab,106,2
13730C>T,560,52,missense_variant,0.068656047,MODERATE,ORF1ab,612,5
13993G>T,379,308,missense_variant,0.07706977799999999,MODERATE,ORF1ab,687,5
14118G>T,317,0,synonymous_variant,0.035562037000000005,LOW,ORF1ab,317,2
14120C>T,79,63,missense_variant,0.015929998,MODERATE,ORF1ab,142,5
14408C>T,5084,1987,missense_variant,0.793246578,MODERATE,ORF1ab,7071,5
14676C>T,454,500,synonymous_variant,0.10702266099999999,LOW,ORF1ab,954,2
14805C>T,117,151,synonymous_variant,0.030065066,LOW,ORF1ab,268,2
15096T>C,84,122,synonymous_variant,0.023109715,LOW,ORF1ab,206,2
15279C>T,454,497,synonymous_variant,0.10668611199999999,LOW,ORF1ab,951,2
15324C>T,224,30,synonymous_variant,0.028494502999999997,LOW,ORF1ab,254,2
15444G>A,311,2,missense_variant,0.035113305,MODERATE,ORF1ab,313,5
15543G>A,311,2,synonymous_variant,0.035113305,LOW,ORF1ab,313,2
15766G>T,380,305,missense_variant,0.076845412,MODERATE,ORF1ab,685,5
15907G>A,311,1,missense_variant,0.035001122,MODERATE,ORF1ab,312,5
15960C>T,59,33,synonymous_variant,0.010320844000000001,LOW,ORF1ab,92,2
16176T>C,452,497,synonymous_variant,0.106461746,LOW,ORF1ab,949,2
16889A>G,380,306,missense_variant,0.076957595,MODERATE,ORF1ab,686,5
17019G>T,386,310,missense_variant,0.078079426,MODERATE,ORF1ab,696,5
17104C>T,105,185,missense_variant,0.032533094,MODERATE,ORF1ab,290,5
17615A>G,139,150,missense_variant,0.032420911000000004,MODERATE,ORF1ab,289,5
17721G>A,313,0,synonymous_variant,0.035113305,LOW,ORF1ab,313,2
17722G>T,313,0,missense_variant,0.035113305,MODERATE,ORF1ab,313,5
18028G>T,85,157,missense_variant,0.027148306,MODERATE,ORF1ab,242,5
18412G>T,314,0,missense_variant,0.035225488,MODERATE,ORF1ab,314,5
18651G>A,316,0,synonymous_variant,0.035449853999999996,LOW,ORF1ab,316,2
18877C>T,893,436,synonymous_variant,0.149091317,LOW,ORF1ab,1329,2
19011C>A,312,0,missense_variant,0.035001122,MODERATE,ORF1ab,312,5
19684G>A,315,1,missense_variant,0.035449853999999996,MODERATE,ORF1ab,316,5
20724A>T,338,4,missense_variant,0.038366614,MODERATE,ORF1ab,342,5
22468G>T,47,66,synonymous_variant,0.012676688,LOW,S,113,2
22687C>G,340,53,synonymous_variant,0.044087952,LOW,S,393,2
22813G>T,214,134,missense_variant,0.039039713,MODERATE,S,348,5
23185C>T,171,1,synonymous_variant,0.01929549,LOW,S,172,2
23271C>A,461,499,missense_variant,0.107695759,MODERATE,S,960,5
23403A>G,5343,2039,missense_variant,0.828135517,MODERATE,S,7382,5
23604C>A,468,512,missense_variant,0.109939421,MODERATE,S,980,5
23647C>T,55,35,synonymous_variant,0.010096477,LOW,S,90,2
23664C>T,221,136,missense_variant,0.040049361,MODERATE,S,357,5
23709C>T,463,503,missense_variant,0.10836885800000001,MODERATE,S,966,5
24506T>G,454,498,missense_variant,0.106798295,MODERATE,S,952,5
24914G>C,454,497,missense_variant,0.10668611199999999,MODERATE,S,951,5
25088G>T,180,43,missense_variant,0.025016827000000002,MODERATE,S,223,5
25595G>A,312,0,missense_variant,0.035001122,MODERATE,ORF3a,312,5
25626C>A,311,0,missense_variant,0.034888939,MODERATE,ORF3a,311,5
25650G>A,320,1,synonymous_variant,0.03601077,LOW,ORF3a,321,2
25710C>T,384,312,synonymous_variant,0.078079426,LOW,ORF3a,696,2
25731C>T,83,13,synonymous_variant,0.010769576000000001,LOW,ORF3a,96,2
25904C>T,228,176,missense_variant,0.045321965,MODERATE,ORF3a,404,5
25979G>T,70,132,missense_variant,0.022660983,MODERATE,ORF3a,202,5
26144G>T,104,8,missense_variant,0.012564505,MODERATE,ORF3a,112,5
26144G>A,317,3,missense_variant,0.035898586,MODERATE,ORF3a,320,5
26152G>A,316,3,missense_variant,0.035786403,MODERATE,ORF3a,319,5
26456C>T,212,139,missense_variant,0.039376262,MODERATE,E,351,5
26651T>C,315,2,synonymous_variant,0.035562037000000005,LOW,M,317,2
26690G>A,313,2,synonymous_variant,0.035337671,LOW,M,315,2
26730G>A,313,1,missense_variant,0.035225488,MODERATE,M,314,5
26735C>T,799,335,synonymous_variant,0.127215616,LOW,M,1134,2
26801C>G,314,1,synonymous_variant,0.035337671,LOW,M,315,2
26876T>C,380,307,synonymous_variant,0.07706977799999999,LOW,M,687,2
26918G>T,316,1,synonymous_variant,0.035562037000000005,LOW,M,317,2
26951G>T,315,1,synonymous_variant,0.035449853999999996,LOW,M,316,2
27261G>T,319,4,missense_variant,0.036235136,MODERATE,ORF6,323,5
27281G>A,319,5,stop_gained,0.036347318999999996,HIGH,ORF6,324,9
27463G>T,314,1,missense_variant,0.035337671,MODERATE,ORF7a,315,5
27800C>T,89,156,synonymous_variant,0.027484855,LOW,ORF7b,245,2
27972C>T,458,504,stop_gained,0.10792012599999999,HIGH,ORF8,962,9
28077G>C,341,2,missense_variant,0.038478797,MODERATE,ORF8,343,5
28095A>T,110,188,stop_gained,0.033430559,HIGH,ORF8,298,9
28111A>G,450,498,missense_variant,0.106349562,MODERATE,ORF8,948,5
28144T>C,176,219,missense_variant,0.044312317999999996,MODERATE,ORF8,395,5
28178G>A,320,0,synonymous_variant,0.035898586,LOW,ORF8,320,2
28253C>T,279,189,synonymous_variant,0.052501683,LOW,ORF8,468,2
28272A>T,317,2,upstream_gene_variant,0.035786403,MODIFIER,N,319,2
28280G>A,438,498,missense_variant,0.105003365,MODERATE,N,936,5
28344C>T,310,0,missense_variant,0.034776756,MODERATE,N,310,5
28878G>A,39,57,missense_variant,0.010769576000000001,MODERATE,N,96,5
28881G>A,1915,828,missense_variant,0.307718196,MODERATE,N,2743,5
28882G>A,1906,827,synonymous_variant,0.306596365,LOW,N,2733,2
28883G>C,1905,827,missense_variant,0.306484182,MODERATE,N,2732,5
28975G>T,377,301,missense_variant,0.07606013,MODERATE,N,678,5
29212G>A,317,2,synonymous_variant,0.035786403,LOW,N,319,2
29227G>A,315,2,synonymous_variant,0.035562037000000005,LOW,N,317,2
29254G>T,315,2,synonymous_variant,0.035562037000000005,LOW,N,317,2
29260G>A,315,2,synonymous_variant,0.035562037000000005,LOW,N,317,2
29315G>C,317,6,missense_variant,0.036235136,MODERATE,N,323,5
29399G>A,376,303,missense_variant,0.07617231299999999,MODERATE,N,679,5
29645G>T,287,156,missense_variant,0.049697106,MODERATE,ORF10,443,5
29742G>A,47,56,downstream_gene_variant,0.011554858000000001,MODIFIER,S,103,2
